Theme,Topic,polarity,word
Recognition,Availability,positive,agreeable
Recognition,Availability,positive,benign
Recognition,Availability,positive,encouraging
Recognition,Availability,positive,positive
Recognition,Availability,positive,supportive
Recognition,Availability,positive,sympathetic
Recognition,Availability,positive,acclamatory
Recognition,Availability,positive,affirmative
Recognition,Availability,positive,amicable
Recognition,Availability,positive,approbative
Recognition,Availability,positive,approbatory
Recognition,Availability,positive,assenting
Recognition,Availability,positive,benevolent
Recognition,Availability,positive,benignant
Recognition,Availability,positive,commending
Recognition,Availability,positive,complimentary
Recognition,Availability,positive,enthusiastic
Recognition,Availability,positive,in favor of
Recognition,Availability,positive,inclined
Recognition,Availability,positive,kind
Recognition,Availability,positive,kindly
Recognition,Availability,positive,laudatory
Recognition,Availability,positive,okay
Recognition,Availability,positive,praiseful
Recognition,Availability,positive,predisposed
Recognition,Availability,positive,reassuring
Recognition,Availability,positive,recommendatory
Recognition,Availability,positive,understanding
Recognition,Availability,positive,opportunity
Recognition,Availability,positive,show
Recognition,Availability,positive,time
Recognition,Availability,positive,connection
Recognition,Availability,positive,cut
Recognition,Availability,positive,fling
Recognition,Availability,positive,go
Recognition,Availability,positive,occasion
Recognition,Availability,positive,place
Recognition,Availability,positive,possibility
Recognition,Availability,positive,run
Recognition,Availability,positive,scope
Recognition,Availability,positive,shot
Recognition,Availability,positive,squeak
Recognition,Availability,positive,vacancy
Recognition,Availability,positive,whack
Recognition,Availability,positive,big break
Recognition,Availability,positive,go-at
Recognition,Availability,positive,in the running
Recognition,Availability,positive,iron in the fire
Recognition,Availability,positive,availability
Recognition,Availability,positive,look-in
Recognition,Availability,positive,attainable
Recognition,Availability,positive,available
Recognition,Availability,positive,door's always open
Recognition,Availability,positive,employable
Recognition,Availability,positive,exposed
Recognition,Availability,positive,getatable
Recognition,Availability,positive,handy
Recognition,Availability,positive,near
Recognition,Availability,positive,obtainable
Recognition,Availability,positive,open
Recognition,Availability,positive,operative
Recognition,Availability,positive,possible
Recognition,Availability,positive,practicable
Recognition,Availability,positive,public
Recognition,Availability,positive,reachable
Recognition,Availability,positive,susceptible
Recognition,Availability,positive,unrestricted
Recognition,Availability,positive,usable
Recognition,Availability,positive,accessible
Recognition,Availability,positive,accomplishable
Recognition,Availability,positive,at hand
Recognition,Availability,positive,cherry pie
Recognition,Availability,positive,duck soup
Recognition,Availability,positive,easy
Recognition,Availability,positive,feasible
Recognition,Availability,positive,gettable
Recognition,Availability,positive,likely
Recognition,Availability,positive,no problem
Recognition,Availability,positive,no sweat
Recognition,Availability,positive,piece of cake
Recognition,Availability,positive,potential
Recognition,Availability,positive,probable
Recognition,Availability,positive,procurable
Recognition,Availability,positive,realizable
Recognition,Availability,positive,securable
Recognition,Availability,positive,acceptable
Recognition,Availability,positive,accommodating
Recognition,Availability,positive,adaptable
Recognition,Availability,positive,adapted
Recognition,Availability,positive,advantageous
Recognition,Availability,positive,aiding
Recognition,Availability,positive,assisting
Recognition,Availability,positive,beneficial
Recognition,Availability,positive,comfortable
Recognition,Availability,positive,commodious
Recognition,Availability,positive,conducive
Recognition,Availability,positive,contributive
Recognition,Availability,positive,decent
Recognition,Availability,positive,favorable
Recognition,Availability,positive,fit
Recognition,Availability,positive,fitted
Recognition,Availability,positive,good
Recognition,Availability,positive,helpful
Recognition,Availability,positive,in public interest
Recognition,Availability,positive,opportune
Recognition,Availability,positive,proper
Recognition,Availability,positive,ready
Recognition,Availability,positive,roomy
Recognition,Availability,positive,seasonable
Recognition,Availability,positive,serviceable
Recognition,Availability,positive,suitable
Recognition,Availability,positive,suited
Recognition,Availability,positive,time-saving
Recognition,Availability,positive,timely
Recognition,Availability,positive,user-friendly
Recognition,Availability,positive,well-planned
Recognition,Availability,positive,central
Recognition,Availability,positive,convenient
Recognition,Availability,positive,functional
Recognition,Availability,positive,gainful
Recognition,Availability,positive,manageable
Recognition,Availability,positive,neat
Recognition,Availability,positive,practical
Recognition,Availability,positive,profitable
Recognition,Availability,positive,useful
Recognition,Availability,positive,utile
Recognition,Availability,positive,wieldy
Recognition,Availability,positive,abreast
Recognition,Availability,positive,abutting
Recognition,Availability,positive,adjacent
Recognition,Availability,positive,adjoining
Recognition,Availability,positive,along toward
Recognition,Availability,positive,alongside
Recognition,Availability,positive,approximal
Recognition,Availability,positive,around
Recognition,Availability,positive,at close quarters
Recognition,Availability,positive,beside
Recognition,Availability,positive,bordering
Recognition,Availability,positive,burning
Recognition,Availability,positive,close
Recognition,Availability,positive,close shave
Recognition,Availability,positive,close-at-hand
Recognition,Availability,positive,close-by
Recognition,Availability,positive,conterminous
Recognition,Availability,positive,contiguous
Recognition,Availability,positive,hair's breadth
Recognition,Availability,positive,immediate
Recognition,Availability,positive,in close proximity
Recognition,Availability,positive,near-at-hand
Recognition,Availability,positive,nearby
Recognition,Availability,positive,neighboring
Recognition,Availability,positive,next door
Recognition,Availability,positive,nigh
Recognition,Availability,positive,not remote
Recognition,Availability,positive,practically
Recognition,Availability,positive,proximal
Recognition,Availability,positive,proximate
Recognition,Availability,positive,side-by-side
Recognition,Availability,positive,touching
Recognition,Availability,positive,vincinal
Recognition,Availability,positive,warm
Recognition,Availability,positive,within stone's throw
Recognition,Availability,negative,closing
Recognition,Availability,negative,closure
Recognition,Availability,negative,conclusion
Recognition,Availability,negative,ending
Recognition,Availability,negative,finish
Recognition,Availability,negative,misfortune
Recognition,Availability,negative,awkward
Recognition,Availability,negative,impossible
Recognition,Availability,negative,inappropriate
Recognition,Availability,negative,inconvenient
Recognition,Availability,negative,limited
Recognition,Availability,negative,occupied
Recognition,Availability,negative,unhandy
Recognition,Availability,negative,unlikely
Recognition,Availability,negative,useless
Recognition,Availability,negative,unavailable
Recognition,Availability,negative,unobtainable
Recognition,Availability,negative,annoying
Recognition,Availability,negative,cumbersome
Recognition,Availability,negative,difficult
Recognition,Availability,negative,disturbing
Recognition,Availability,negative,embarrassing
Recognition,Availability,negative,tiresome
Recognition,Availability,negative,troublesome
Recognition,Availability,negative,unwieldy
Recognition,Availability,negative,detrimental
Recognition,Availability,negative,disadvantageous
Recognition,Availability,negative,discommoding
Recognition,Availability,negative,discommodious
Recognition,Availability,negative,incommodious
Recognition,Availability,negative,inexpedient
Recognition,Availability,negative,inopportune
Recognition,Availability,negative,pestiferous
Recognition,Availability,negative,prejudicial
Recognition,Availability,negative,remote
Recognition,Availability,negative,unmanageable
Recognition,Availability,negative,unseasonable
Recognition,Availability,negative,unsuitable
Recognition,Availability,negative,untimely
Recognition,Availability,negative,vexatious
Recognition,Availability,negative,compromising
Recognition,Availability,negative,delicate
Recognition,Availability,negative,embarrassed
Recognition,Availability,negative,ill at ease
Recognition,Availability,negative,painful
Recognition,Availability,negative,perplexing
Recognition,Availability,negative,sticky
Recognition,Availability,negative,thorny
Recognition,Availability,negative,ticklish
Recognition,Availability,negative,trying
Recognition,Availability,negative,uncomfortable
Recognition,Availability,negative,unpleasant
Recognition,Availability,negative,aggravating
Recognition,Availability,negative,distressing
Recognition,Availability,negative,exasperating
Recognition,Availability,negative,irritating
Recognition,Availability,negative,rebarbative
Recognition,Availability,negative,vexing
Recognition,Availability,negative,bulky
Recognition,Availability,negative,burdensome
Recognition,Availability,negative,clunker
Recognition,Availability,negative,clunking
Recognition,Availability,negative,clunky
Recognition,Availability,negative,cumbrous
Recognition,Availability,negative,galumphing
Recognition,Availability,negative,heavy
Recognition,Availability,negative,hefty
Recognition,Availability,negative,leaden
Recognition,Availability,negative,massive
Recognition,Availability,negative,oppressive
Recognition,Availability,negative,ponderous
Recognition,Availability,negative,wearisome
Recognition,Availability,negative,weighty
Recognition,Availability,negative,bewildering
Recognition,Availability,negative,confusing
Recognition,Availability,negative,disagreeable
Recognition,Availability,negative,discomfiting
Recognition,Availability,negative,disconcerting
Recognition,Availability,negative,distracting
Recognition,Availability,negative,equivocal
Recognition,Availability,negative,mortifying
Recognition,Availability,negative,puzzling
Recognition,Availability,negative,rattling
Recognition,Availability,negative,sensitive
Recognition,Availability,negative,shameful
Recognition,Availability,negative,touchy
Recognition,Availability,negative,tricky
Recognition,Availability,negative,troubling
Recognition,Availability,negative,uneasy
Recognition,Availability,negative,unpropitious
Recognition,Availability,negative,unseemly
Recognition,Availability,negative,upsetting
Recognition,Availability,negative,worrisome
Recognition,Availability,negative,badly timed
Recognition,Availability,negative,improper
Recognition,Availability,negative,inept
Recognition,Availability,negative,malapropos
Recognition,Availability,negative,mistimed
Recognition,Availability,negative,unbecoming
Recognition,Availability,negative,unbefitting
Recognition,Availability,negative,unfavorable
Recognition,Availability,negative,unwelcome
Recognition,Availability,negative,careless
Recognition,Availability,negative,foolhardy
Recognition,Availability,negative,foolish
Recognition,Availability,negative,harebrained
Recognition,Availability,negative,ill-advised
Recognition,Availability,negative,impolitic
Recognition,Availability,negative,imprudent
Recognition,Availability,negative,incautious
Recognition,Availability,negative,indiscreet
Recognition,Availability,negative,injudicious
Recognition,Availability,negative,pointless
Recognition,Availability,negative,rash
Recognition,Availability,negative,undesirable
Recognition,Availability,negative,unsensible
Recognition,Availability,negative,unwise
Recognition,Availability,negative,wrong
Recognition,Availability,negative,contrary
Recognition,Availability,negative,ill-chosen
Recognition,Availability,negative,ill-timed
Recognition,Availability,negative,inauspicious
Recognition,Availability,negative,unfortunate
Recognition,Availability,negative,abhorrent
Recognition,Availability,negative,appalling
Recognition,Availability,negative,atrocious
Recognition,Availability,negative,awful
Recognition,Availability,negative,beastly
Recognition,Availability,negative,dangerous
Recognition,Availability,negative,desperate
Recognition,Availability,negative,dire
Recognition,Availability,negative,disastrous
Recognition,Availability,negative,dread
Recognition,Availability,negative,dreaded
Recognition,Availability,negative,dreadful
Recognition,Availability,negative,extreme
Recognition,Availability,negative,fearful
Recognition,Availability,negative,frightful
Recognition,Availability,negative,ghastly
Recognition,Availability,negative,gruesome
Recognition,Availability,negative,harrowing
Recognition,Availability,negative,hateful
Recognition,Availability,negative,hideous
Recognition,Availability,negative,horrendous
Recognition,Availability,negative,horrid
Recognition,Availability,negative,horrifying
Recognition,Availability,negative,loathsome
Recognition,Availability,negative,monstrous
Recognition,Availability,negative,obnoxious
Recognition,Availability,negative,odious
Recognition,Availability,negative,offensive
Recognition,Availability,negative,petrifying
Recognition,Availability,negative,poor
Recognition,Availability,negative,repulsive
Recognition,Availability,negative,revolting
Recognition,Availability,negative,rotten
Recognition,Availability,negative,serious
Recognition,Availability,negative,severe
Recognition,Availability,negative,shocking
Recognition,Availability,negative,unnerving
Recognition,Availability,negative,vile
Recognition,Availability,negative,adverse
Recognition,Availability,negative,derogatory
Recognition,Availability,negative,disparaging
Recognition,Availability,negative,hurtful
Recognition,Availability,negative,injurious
Recognition,Availability,negative,damaging
Recognition,Availability,negative,debit-side
Recognition,Availability,negative,deleterious
Recognition,Availability,negative,depreciative
Recognition,Availability,negative,depreciatory
Recognition,Availability,negative,detracting
Recognition,Availability,negative,downside
Recognition,Availability,negative,dyslogistic
Recognition,Availability,negative,harmful
Recognition,Availability,negative,objectionable
Recognition,Availability,negative,on the debit side
Recognition,Availability,negative,pejorative
Recognition,Availability,negative,slighting
Recognition,Availability,negative,uncomplimentary
Recognition,Availability,negative,unprofitable
Recognition,Availability,negative,allergic to
Recognition,Availability,negative,conflicting
Recognition,Availability,negative,down on
Recognition,Availability,negative,down side
Recognition,Availability,negative,have no use for
Recognition,Availability,negative,inimical
Recognition,Availability,negative,negative
Recognition,Availability,negative,opposed
Recognition,Availability,negative,opposing
Recognition,Availability,negative,opposite
Recognition,Availability,negative,oppugning
Recognition,Availability,negative,ornery
Recognition,Availability,negative,reluctant
Recognition,Availability,negative,repugnant
Recognition,Availability,negative,stuffy
Recognition,Availability,negative,unfriendly
Recognition,Availability,negative,unlucky
Recognition,Availability,negative,unwilling
Recognition,Availability,negative,suspend
Recognition,Awareness,Positive,alertness
Recognition,Awareness,Positive,appreciation
Recognition,Awareness,Positive,attention
Recognition,Awareness,Positive,consciousness
Recognition,Awareness,Positive,experience
Recognition,Awareness,Positive,information
Recognition,Awareness,Positive,perception
Recognition,Awareness,Positive,realization
Recognition,Awareness,Positive,recognition
Recognition,Awareness,Positive,understanding
Recognition,Awareness,Positive,acquaintance
Recognition,Awareness,Positive,acquaintanceship
Recognition,Awareness,Positive,aliveness
Recognition,Awareness,Positive,apprehension
Recognition,Awareness,Positive,attentiveness
Recognition,Awareness,Positive,cognizance
Recognition,Awareness,Positive,comprehension
Recognition,Awareness,Positive,discernment
Recognition,Awareness,Positive,enlightenment
Recognition,Awareness,Positive,familiarity
Recognition,Awareness,Positive,keenness
Recognition,Awareness,Positive,mindfulness
Recognition,Awareness,Positive,sensibility
Recognition,Awareness,Positive,sentience
Recognition,Awareness,Positive,bodhi
Recognition,Awareness,Positive,awareness
Recognition,Awareness,Positive,conversance
Recognition,Awareness,Positive,fellowship
Recognition,Awareness,Positive,grasp
Recognition,Awareness,Positive,intimacy
Recognition,Awareness,Positive,ken
Recognition,Awareness,Positive,relationship
Recognition,Awareness,Positive,acuity
Recognition,Awareness,Positive,acuteness
Recognition,Awareness,Positive,astuteness
Recognition,Awareness,Positive,brains
Recognition,Awareness,Positive,brilliance
Recognition,Awareness,Positive,cleverness
Recognition,Awareness,Positive,cunning
Recognition,Awareness,Positive,discrimination
Recognition,Awareness,Positive,farsightedness
Recognition,Awareness,Positive,good taste
Recognition,Awareness,Positive,guile
Recognition,Awareness,Positive,ingenuity
Recognition,Awareness,Positive,insight
Recognition,Awareness,Positive,intellect
Recognition,Awareness,Positive,intelligence
Recognition,Awareness,Positive,intuition
Recognition,Awareness,Positive,judgment
Recognition,Awareness,Positive,percipience
Recognition,Awareness,Positive,perspicacity
Recognition,Awareness,Positive,perspicuity
Recognition,Awareness,Positive,refinement
Recognition,Awareness,Positive,sagacity
Recognition,Awareness,Positive,sensitivity
Recognition,Awareness,Positive,sharpness
Recognition,Awareness,Positive,shrewdness
Recognition,Awareness,Positive,smartness
Recognition,Awareness,Positive,smarts
Recognition,Awareness,Positive,vision
Recognition,Awareness,Positive,wisdom
Recognition,Awareness,Positive,wit
Recognition,Awareness,Positive,foreboding
Recognition,Awareness,Positive,forecast
Recognition,Awareness,Positive,foreseeing
Recognition,Awareness,Positive,foresight
Recognition,Awareness,Positive,foretaste
Recognition,Awareness,Positive,forethought
Recognition,Awareness,Positive,inkling
Recognition,Awareness,Positive,preconception
Recognition,Awareness,Positive,premonition
Recognition,Awareness,Positive,prescience
Recognition,Awareness,Positive,presentiment
Recognition,Awareness,Positive,prevision
Recognition,Awareness,Positive,prior knowledge
Recognition,Awareness,Positive,admiration
Recognition,Awareness,Positive,aesthetic sense
Recognition,Awareness,Positive,affection
Recognition,Awareness,Positive,appraisal
Recognition,Awareness,Positive,assessment
Recognition,Awareness,Positive,attraction
Recognition,Awareness,Positive,commendation
Recognition,Awareness,Positive,enjoyment
Recognition,Awareness,Positive,esteem
Recognition,Awareness,Positive,estimation
Recognition,Awareness,Positive,high regard
Recognition,Awareness,Positive,knowledge
Recognition,Awareness,Positive,liking
Recognition,Awareness,Positive,love
Recognition,Awareness,Positive,regard
Recognition,Awareness,Positive,relish
Recognition,Awareness,Positive,respect
Recognition,Awareness,Positive,responsivenesss
Recognition,Awareness,Positive,sensitiveness
Recognition,Awareness,Positive,sympathy
Recognition,Awareness,Positive,valuation
Recognition,Awareness,Positive,idea
Recognition,Awareness,Positive,notion
Recognition,Awareness,Positive,thought
Recognition,Awareness,Positive,big rush
Recognition,Awareness,Positive,brace
Recognition,Awareness,Positive,concern
Recognition,Awareness,Positive,looking after
Recognition,Awareness,Positive,ministration
Recognition,Awareness,Positive,notice
Recognition,Awareness,Positive,observation
Recognition,Awareness,Positive,spotlight
Recognition,Awareness,Positive,tender loving care
Recognition,Awareness,Positive,treatment
Recognition,Awareness,negative,disregard
Recognition,Awareness,negative,ignorance
Recognition,Awareness,negative,neglect
Recognition,Awareness,negative,misunderstanding
Recognition,Awareness,negative,unfamiliarity
Recognition,Awareness,negative,insensitivity
Recognition,Awareness,negative,unconsciousness
Recognition,Awareness,negative,apathy
Recognition,Awareness,negative,contempt
Recognition,Awareness,negative,disdain
Recognition,Awareness,negative,disrespect
Recognition,Awareness,negative,inattention
Recognition,Awareness,negative,indifference
Recognition,Awareness,negative,negligence
Recognition,Awareness,negative,scorn
Recognition,Awareness,negative,brush-off
Recognition,Awareness,negative,disesteem
Recognition,Awareness,negative,disfavor
Recognition,Awareness,negative,disinterest
Recognition,Awareness,negative,forgetting
Recognition,Awareness,negative,heedlessness
Recognition,Awareness,negative,inadvertence
Recognition,Awareness,negative,insouciance
Recognition,Awareness,negative,lassitude
Recognition,Awareness,negative,lethargy
Recognition,Awareness,negative,listlessness
Recognition,Awareness,negative,neglecting
Recognition,Awareness,negative,oblivion
Recognition,Awareness,negative,omission
Recognition,Awareness,negative,omitting
Recognition,Awareness,negative,overlooking
Recognition,Awareness,negative,oversight
Recognition,Awareness,negative,slight
Recognition,Awareness,negative,slighting
Recognition,Awareness,negative,unconcern
Recognition,Awareness,negative,unmindfulness
Recognition,Awareness,negative,the cold shoulder
Recognition,Awareness,negative,impulse
Recognition,Awareness,negative,licentiousness
Recognition,Awareness,negative,recklessness
Recognition,Awareness,negative,thoughtlessness
Recognition,Awareness,negative,uninhibitedness
Recognition,Awareness,negative,unrestraint
Recognition,Awareness,negative,wantonness
Recognition,Awareness,negative,wildness
Recognition,Awareness,negative,chaos
Recognition,Awareness,negative,confusion
Recognition,Awareness,negative,disorder
Recognition,Awareness,negative,disorganization
Recognition,Awareness,negative,hostility
Recognition,Awareness,negative,misrule
Recognition,Awareness,negative,mob rule
Recognition,Awareness,negative,nihilism
Recognition,Awareness,negative,nongovernment
Recognition,Awareness,negative,rebellion
Recognition,Awareness,negative,reign of terror
Recognition,Awareness,negative,revolution
Recognition,Awareness,negative,riot
Recognition,Awareness,negative,turmoil
Recognition,Awareness,negative,unrest
Recognition,Awareness,negative,aloofness
Recognition,Awareness,negative,coldness
Recognition,Awareness,negative,coolness
Recognition,Awareness,negative,detachment
Recognition,Awareness,negative,dispassion
Recognition,Awareness,negative,dullness
Recognition,Awareness,negative,emotionlessness
Recognition,Awareness,negative,halfheartedness
Recognition,Awareness,negative,insensibility
Recognition,Awareness,negative,passiveness
Recognition,Awareness,negative,passivity
Recognition,Awareness,negative,stoicism
Recognition,Awareness,negative,unresponsiveness
Recognition,Awareness,negative,bypass
Recognition,Awareness,negative,condone
Recognition,Awareness,negative,connive
Recognition,Awareness,negative,cushion
Recognition,Awareness,negative,discount
Recognition,Awareness,negative,fail
Recognition,Awareness,negative,forget
Recognition,Awareness,negative,omit
Recognition,Awareness,negative,overlook
Recognition,Awareness,negative,overpass
Recognition,Awareness,negative,pass by
Recognition,Awareness,negative,turn a blind eye
Recognition,Awareness,negative,barratry
Recognition,Awareness,negative,contravention
Recognition,Awareness,negative,delinquency
Recognition,Awareness,negative,dereliction
Recognition,Awareness,negative,disobedience
Recognition,Awareness,negative,infraction
Recognition,Awareness,negative,infringement
Recognition,Awareness,negative,noncompliance
Recognition,Awareness,negative,nonobservance
Recognition,Awareness,negative,offense
Recognition,Awareness,negative,transgression
Recognition,Awareness,negative,trespass
Recognition,Awareness,negative,violation
Recognition,Awareness,negative,breach
Recognition,Awareness,negative,contravene
Recognition,Awareness,negative,disobey
Recognition,Awareness,negative,infract
Recognition,Awareness,negative,infringe
Recognition,Awareness,negative,offend
Recognition,Awareness,negative,renege on
Recognition,Awareness,negative,transgress
Recognition,Awareness,negative,violate
Recognition,Awareness,negative,boycott
Recognition,Awareness,negative,cold-shoulder
Recognition,Awareness,negative,contradict
Recognition,Awareness,negative,cut
Recognition,Awareness,negative,deny
Recognition,Awareness,negative,disclaim
Recognition,Awareness,negative,dismiss
Recognition,Awareness,negative,disown
Recognition,Awareness,negative,get rid of
Recognition,Awareness,negative,have no time for
Recognition,Awareness,negative,ostracize
Recognition,Awareness,negative,override
Recognition,Awareness,negative,rebuff
Recognition,Awareness,negative,reject
Recognition,Awareness,negative,repudiate
Recognition,Awareness,negative,send away
Recognition,Awareness,negative,snub
Recognition,Awareness,negative,spurn
Recognition,Awareness,negative,sweep aside
Recognition,Awareness,negative,dismissal
Recognition,Awareness,negative,iciness
Recognition,Awareness,negative,absence
Recognition,Awareness,negative,blemish
Recognition,Awareness,negative,blunder
Recognition,Awareness,negative,dearth
Recognition,Awareness,negative,defect
Recognition,Awareness,negative,deficiency
Recognition,Awareness,negative,error
Recognition,Awareness,negative,fault
Recognition,Awareness,negative,imperfection
Recognition,Awareness,negative,inadequacy
Recognition,Awareness,negative,insufficiency
Recognition,Awareness,negative,lack
Recognition,Awareness,negative,lapse
Recognition,Awareness,negative,miss
Recognition,Awareness,negative,nonpayment
Recognition,Awareness,negative,privation
Recognition,Awareness,negative,shortcoming
Recognition,Awareness,negative,vice
Recognition,Awareness,negative,weakness
Recognition,Awareness,negative,wrongdoing
Recognition,Awareness,negative,baffle
Recognition,Awareness,negative,beard
Recognition,Awareness,negative,brave
Recognition,Awareness,negative,confront
Recognition,Awareness,negative,contemn
Recognition,Awareness,negative,dare
Recognition,Awareness,negative,defeat
Recognition,Awareness,negative,deride
Recognition,Awareness,negative,despise
Recognition,Awareness,negative,elude
Recognition,Awareness,negative,face
Recognition,Awareness,negative,flout
Recognition,Awareness,negative,fly in face of
Recognition,Awareness,negative,foil
Recognition,Awareness,negative,front
Recognition,Awareness,negative,gibe
Recognition,Awareness,negative,hang tough
Recognition,Awareness,negative,hurl defiance at
Recognition,Awareness,negative,ignore
Recognition,Awareness,negative,insult
Recognition,Awareness,negative,make my day
Recognition,Awareness,negative,mock
Recognition,Awareness,negative,oppose
Recognition,Awareness,negative,outdare
Recognition,Awareness,negative,provoke
Recognition,Awareness,negative,repel
Recognition,Awareness,negative,repulse
Recognition,Awareness,negative,resist
Recognition,Awareness,negative,ridicule
Recognition,Awareness,negative,stick
Recognition,Awareness,negative,stick fast
Recognition,Awareness,negative,take one on
Recognition,Awareness,negative,thwart
Recognition,Awareness,negative,venture
Recognition,Awareness,negative,withstand
Recognition,Awareness,negative,abhor
Recognition,Awareness,negative,abominate
Recognition,Awareness,negative,allergic to
Recognition,Awareness,negative,detest
Recognition,Awareness,negative,eschew
Recognition,Awareness,negative,execrate
Recognition,Awareness,negative,feel contempt for
Recognition,Awareness,negative,hate
Recognition,Awareness,negative,have no use for
Recognition,Awareness,negative,loathe
Recognition,Awareness,negative,look down nose at
Recognition,Awareness,negative,misprize
Recognition,Awareness,negative,put down
Recognition,Awareness,negative,renounce
Recognition,Awareness,negative,revile
Recognition,Awareness,negative,shun
Recognition,Awareness,negative,undervalue
Recognition,Awareness,negative,wipe out
Recognition,Awareness,Positive,acknowledgment
Recognition,Awareness,Positive,gratitude
Recognition,Awareness,Positive,thanks
Recognition,Awareness,Positive,gratefulness
Recognition,Awareness,Positive,indebtedness
Recognition,Awareness,Positive,obligation
Recognition,Awareness,Positive,testimonial
Recognition,Awareness,Positive,tribute
Recognition,Awareness,Positive,adoration
Recognition,Awareness,Positive,applause
Recognition,Awareness,Positive,approbation
Recognition,Awareness,Positive,approval
Recognition,Awareness,Positive,deference
Recognition,Awareness,Positive,delight
Recognition,Awareness,Positive,favor
Recognition,Awareness,Positive,fondness
Recognition,Awareness,Positive,glorification
Recognition,Awareness,Positive,homage
Recognition,Awareness,Positive,honor
Recognition,Awareness,Positive,idolatry
Recognition,Awareness,Positive,idolization
Recognition,Awareness,Positive,marveling
Recognition,Awareness,Positive,obeisance
Recognition,Awareness,Positive,pleasure
Recognition,Awareness,Positive,praise
Recognition,Awareness,Positive,prizing
Recognition,Awareness,Positive,reverence
Recognition,Awareness,Positive,valuing
Recognition,Awareness,Positive,veneration
Recognition,Awareness,Positive,wonder
Recognition,Awareness,Positive,wonderment
Recognition,Awareness,Positive,worship
Recognition,Awareness,Positive,acclaim
Recognition,Awareness,Positive,acclamation
Recognition,Awareness,Positive,adulation
Recognition,Awareness,Positive,blessing
Recognition,Awareness,Positive,bouquet
Recognition,Awareness,Positive,buttering up
Recognition,Awareness,Positive,cajolery
Recognition,Awareness,Positive,comp
Recognition,Awareness,Positive,confirmation
Recognition,Awareness,Positive,congratulations
Recognition,Awareness,Positive,courtesy
Recognition,Awareness,Positive,encomium
Recognition,Awareness,Positive,endorsement
Recognition,Awareness,Positive,eulogy
Recognition,Awareness,Positive,felicitation
Recognition,Awareness,Positive,good word
Recognition,Awareness,Positive,kudo
Recognition,Awareness,Positive,laud
Recognition,Awareness,Positive,laudation
Recognition,Awareness,Positive,laurels
Recognition,Awareness,Positive,orchid
Recognition,Awareness,Positive,ovation
Recognition,Awareness,Positive,panegyric
Recognition,Awareness,Positive,pat on the back
Recognition,Awareness,Positive,posy
Recognition,Awareness,Positive,respects
Recognition,Awareness,Positive,sanction
Recognition,Awareness,Positive,sentiment
Recognition,Awareness,Positive,warm fuzzy
Recognition,Awareness,Positive,affinity
Recognition,Awareness,Positive,appetite
Recognition,Awareness,Positive,attachment
Recognition,Awareness,Positive,bent
Recognition,Awareness,Positive,bias
Recognition,Awareness,Positive,desire
Recognition,Awareness,Positive,devotion
Recognition,Awareness,Positive,fancy
Recognition,Awareness,Positive,favoritism
Recognition,Awareness,Positive,inclination
Recognition,Awareness,Positive,mind
Recognition,Awareness,Positive,palate
Recognition,Awareness,Positive,partiality
Recognition,Awareness,Positive,passion
Recognition,Awareness,Positive,penchant
Recognition,Awareness,Positive,predilection
Recognition,Awareness,Positive,preference
Recognition,Awareness,Positive,proneness
Recognition,Awareness,Positive,propensity
Recognition,Awareness,Positive,soft spot
Recognition,Awareness,Positive,stomach
Recognition,Awareness,Positive,tendency
Recognition,Awareness,Positive,velleity
Recognition,Awareness,Positive,will
Recognition,Awareness,Positive,allegiance
Recognition,Awareness,Positive,amity
Recognition,Awareness,Positive,amorousness
Recognition,Awareness,Positive,amour
Recognition,Awareness,Positive,ardency
Recognition,Awareness,Positive,ardor
Recognition,Awareness,Positive,case
Recognition,Awareness,Positive,cherishing
Recognition,Awareness,Positive,crush
Recognition,Awareness,Positive,devotedness
Recognition,Awareness,Positive,emotion
Recognition,Awareness,Positive,enchantment
Recognition,Awareness,Positive,fervor
Recognition,Awareness,Positive,fidelity
Recognition,Awareness,Positive,flame
Recognition,Awareness,Positive,friendship
Recognition,Awareness,Positive,hankering
Recognition,Awareness,Positive,infatuation
Recognition,Awareness,Positive,involvement
Recognition,Awareness,Positive,like
Recognition,Awareness,Positive,lust
Recognition,Awareness,Positive,mad for
Recognition,Awareness,Positive,piety
Recognition,Awareness,Positive,rapture
Recognition,Awareness,Positive,taste
Recognition,Awareness,Positive,tenderness
Recognition,Awareness,Positive,weakness
Recognition,Awareness,Positive,yearning
Recognition,Awareness,Positive,zeal
Recognition,Awareness,Positive,accolade
Recognition,Awareness,Positive,big hand
Recognition,Awareness,Positive,boost
Recognition,Awareness,Positive,bravo
Recognition,Awareness,Positive,celebration
Recognition,Awareness,Positive,cheer
Recognition,Awareness,Positive,cheering
Recognition,Awareness,Positive,citation
Recognition,Awareness,Positive,compliment
Recognition,Awareness,Positive,cry
Recognition,Awareness,Positive,exaltation
Recognition,Awareness,Positive,extolment
Recognition,Awareness,Positive,flattery
Recognition,Awareness,Positive,glory
Recognition,Awareness,Positive,hurrah
Recognition,Awareness,Positive,hymn
Recognition,Awareness,Positive,kudos
Recognition,Awareness,Positive,plaudit
Recognition,Awareness,Positive,puff
Recognition,Awareness,Positive,rave
Recognition,Awareness,Positive,recommendation
Recognition,Awareness,Positive,sycophancy
Recognition,Awareness,Positive,acceptance
Recognition,Awareness,Positive,acknowledging
Recognition,Awareness,Positive,admission
Recognition,Awareness,Positive,allowance
Recognition,Awareness,Positive,apperception
Recognition,Awareness,Positive,apprehending
Recognition,Awareness,Positive,assimilation
Recognition,Awareness,Positive,avowal
Recognition,Awareness,Positive,concession
Recognition,Awareness,Positive,confession
Recognition,Awareness,Positive,detection
Recognition,Awareness,Positive,discovery
Recognition,Awareness,Positive,double take
Recognition,Awareness,Positive,high sign
Recognition,Awareness,Positive,identifying
Recognition,Awareness,Positive,memory
Recognition,Awareness,Positive,noticing
Recognition,Awareness,Positive,perceiving
Recognition,Awareness,Positive,recall
Recognition,Awareness,Positive,recalling
Recognition,Awareness,Positive,recognizance
Recognition,Awareness,Positive,recollection
Recognition,Awareness,Positive,recurrence
Recognition,Awareness,Positive,remembering
Recognition,Awareness,Positive,remembrance
Recognition,Awareness,Positive,salute
Recognition,Awareness,Positive,tumble
Recognition,Awareness,Positive,verifying
Recognition,Awareness,Positive,awe
Recognition,Awareness,Positive,consideration
Recognition,Awareness,Positive,dignity
Recognition,Awareness,Positive,repute
Recognition,Awareness,Positive,activity
Recognition,Availability,Positive,back-up
Recognition,Availability,Positive,druthers
Recognition,Availability,Positive,option
Recognition,Availability,Positive,other
Recognition,Availability,Positive,other fish in sea
Recognition,Availability,Positive,other fish to fry
Recognition,Availability,Positive,pick
Recognition,Availability,Positive,preference
Recognition,Availability,Positive,recourse
Recognition,Availability,Positive,redundancy
Recognition,Availability,Positive,selection
Recognition,Availability,Positive,sub
Recognition,Availability,Positive,substitute
Recognition,Availability,Positive,take it or leave it
Recognition,Availability,Positive,alternative
Recognition,Availability,Positive,appraisal
Recognition,Availability,Positive,choosing
Recognition,Availability,Positive,cull
Recognition,Availability,Positive,cup of tea
Recognition,Availability,Positive,decision
Recognition,Availability,Positive,determination
Recognition,Availability,Positive,discretion
Recognition,Availability,Positive,discrimination
Recognition,Availability,Positive,distinction
Recognition,Availability,Positive,election
Recognition,Availability,Positive,evaluation
Recognition,Availability,Positive,extract
Recognition,Availability,Positive,favorite
Recognition,Availability,Positive,finding
Recognition,Availability,Positive,free will
Recognition,Availability,Positive,judgment
Recognition,Availability,Positive,rating
Recognition,Availability,Positive,say
Recognition,Availability,Positive,variety
Recognition,Availability,Positive,verdict
Recognition,Availability,Positive,volition
Recognition,Availability,Positive,vote
Recognition,Availability,Positive,chance
Recognition,Availability,Positive,freedom
Recognition,Availability,Positive,hour
Recognition,Availability,Positive,leisure
Recognition,Availability,Positive,liberty
Recognition,Availability,Positive,one's own sweet time
Recognition,Availability,Positive,spare moment
Recognition,Availability,Positive,suitable time
Recognition,Availability,Positive,whenever
Regard,Ethics,Positive,belief
Regard,Ethics,Positive,conduct
Regard,Ethics,Positive,conscience
Regard,Ethics,Positive,convention
Regard,Ethics,Positive,conventionalities
Regard,Ethics,Positive,criteria
Regard,Ethics,Positive,decency
Regard,Ethics,Positive,ethic
Regard,Ethics,Positive,ethos
Regard,Ethics,Positive,goodness
Regard,Ethics,Positive,honesty
Regard,Ethics,Positive,honor
Regard,Ethics,Positive,ideal
Regard,Ethics,Positive,imperative
Regard,Ethics,Positive,integrity
Regard,Ethics,Positive,morality
Regard,Ethics,Positive,mores
Regard,Ethics,Positive,nature
Regard,Ethics,Positive,practice
Regard,Ethics,Positive,principles
Regard,Ethics,Positive,standard
Regard,Ethics,Positive,standards
Regard,Ethics,Positive,values
Regard,Ethics,Positive,moral code
Regard,Ethics,Positive,natural law
Regard,Ethics,Positive,act
Regard,Ethics,Positive,action
Regard,Ethics,Positive,address
Regard,Ethics,Positive,air
Regard,Ethics,Positive,attitude
Regard,Ethics,Positive,bag
Regard,Ethics,Positive,bearing
Regard,Ethics,Positive,carriage
Regard,Ethics,Positive,code
Regard,Ethics,Positive,comportment
Regard,Ethics,Positive,course
Regard,Ethics,Positive,dealings
Regard,Ethics,Positive,decorum
Regard,Ethics,Positive,deed
Regard,Ethics,Positive,delivery
Regard,Ethics,Positive,demeanor
Regard,Ethics,Positive,deportment
Regard,Ethics,Positive,ethics
Regard,Ethics,Positive,etiquette
Regard,Ethics,Positive,expression
Regard,Ethics,Positive,form
Regard,Ethics,Positive,front
Regard,Ethics,Positive,guise
Regard,Ethics,Positive,habits
Regard,Ethics,Positive,management
Regard,Ethics,Positive,mien
Regard,Ethics,Positive,mode
Regard,Ethics,Positive,morals
Regard,Ethics,Positive,observance
Regard,Ethics,Positive,performance
Regard,Ethics,Positive,presence
Regard,Ethics,Positive,propriety
Regard,Ethics,Positive,ritual
Regard,Ethics,Positive,role
Regard,Ethics,Positive,routine
Regard,Ethics,Positive,savoir-faire
Regard,Ethics,Positive,seemliness
Regard,Ethics,Positive,social graces
Regard,Ethics,Positive,speech
Regard,Ethics,Positive,style
Regard,Ethics,Positive,tact
Regard,Ethics,Positive,talk
Regard,Ethics,Positive,taste
Regard,Ethics,Positive,tenue
Regard,Ethics,Positive,tone
Regard,Ethics,Positive,way
Regard,Ethics,Positive,way of life
Regard,Ethics,Positive,ways
Regard,Ethics,Positive,what's done
Regard,Ethics,Positive,canon
Regard,Ethics,Positive,charter
Regard,Ethics,Positive,codex
Regard,Ethics,Positive,constitution
Regard,Ethics,Positive,custom
Regard,Ethics,Positive,digest
Regard,Ethics,Positive,discipline
Regard,Ethics,Positive,manners
Regard,Ethics,Positive,maxim
Regard,Ethics,Positive,method
Regard,Ethics,Positive,regulation
Regard,Ethics,Positive,system
Regard,Ethics,Positive,cachet
Regard,Ethics,Positive,character
Regard,Ethics,Positive,consequence
Regard,Ethics,Positive,courtliness
Regard,Ethics,Positive,culture
Regard,Ethics,Positive,distinction
Regard,Ethics,Positive,elevation
Regard,Ethics,Positive,eminence
Regard,Ethics,Positive,glory
Regard,Ethics,Positive,grace
Regard,Ethics,Positive,grandeur
Regard,Ethics,Positive,gravity
Regard,Ethics,Positive,greatness
Regard,Ethics,Positive,hauteur
Regard,Ethics,Positive,importance
Regard,Ethics,Positive,loftiness
Regard,Ethics,Positive,majesty
Regard,Ethics,Positive,merit
Regard,Ethics,Positive,nobleness
Regard,Ethics,Positive,perfection
Regard,Ethics,Positive,poise
Regard,Ethics,Positive,prestige
Regard,Ethics,Positive,quality
Regard,Ethics,Positive,rank
Regard,Ethics,Positive,regard
Regard,Ethics,Positive,renown
Regard,Ethics,Positive,respectability
Regard,Ethics,Positive,self-respect
Regard,Ethics,Positive,significance
Regard,Ethics,Positive,solemnity
Regard,Ethics,Positive,splendor
Regard,Ethics,Positive,standing
Regard,Ethics,Positive,state
Regard,Ethics,Positive,stateliness
Regard,Ethics,Positive,station
Regard,Ethics,Positive,stature
Regard,Ethics,Positive,status
Regard,Ethics,Positive,sublimity
Regard,Ethics,Positive,virtue
Regard,Ethics,Positive,worth
Regard,Ethics,Positive,worthiness
Regard,Ethics,Positive,credo
Regard,Ethics,Positive,faith
Regard,Ethics,Positive,ideals
Regard,Ethics,Positive,opinion
Regard,Ethics,Positive,policy
Regard,Ethics,Positive,probity
Regard,Ethics,Positive,rectitude
Regard,Ethics,Positive,scruples
Regard,Ethics,Positive,sense of duty
Regard,Ethics,Positive,sense of honor
Regard,Ethics,Positive,teaching
Regard,Ethics,Positive,tenet
Regard,Ethics,Positive,uprightness
Regard,Ethics,Positive,archetype
Regard,Ethics,Positive,average
Regard,Ethics,Positive,axiom
Regard,Ethics,Positive,barometer
Regard,Ethics,Positive,beau ideal
Regard,Ethics,Positive,benchmark
Regard,Ethics,Positive,criterion
Regard,Ethics,Positive,example
Regard,Ethics,Positive,exemplar
Regard,Ethics,Positive,fundamental
Regard,Ethics,Positive,gauge
Regard,Ethics,Positive,grade
Regard,Ethics,Positive,guide
Regard,Ethics,Positive,law
Regard,Ethics,Positive,mean
Regard,Ethics,Positive,measure
Regard,Ethics,Positive,median
Regard,Ethics,Positive,mirror
Regard,Ethics,Positive,model
Regard,Ethics,Positive,norm
Regard,Ethics,Positive,par
Regard,Ethics,Positive,paradigm
Regard,Ethics,Positive,pattern
Regard,Ethics,Positive,requirement
Regard,Ethics,Positive,rule
Regard,Ethics,Positive,rule of thumb
Regard,Ethics,Positive,sample
Regard,Ethics,Positive,specification
Regard,Ethics,Positive,test
Regard,Ethics,Positive,touchstone
Regard,Ethics,Positive,type
Regard,Ethics,Positive,yardstick
Regard,Ethics,Positive,beliefs
Regard,Ethics,Positive,evaluative criticism
Regard,Ethics,Positive,intuition
Regard,Ethics,Positive,stocktaking
Regard,Ethics,Positive,subjective evaluation
Regard,Ethics,Positive,valuation
Regard,Ethics,Negative,corruption
Regard,Ethics,Negative,disgrace
Regard,Ethics,Negative,dishonesty
Regard,Ethics,Negative,dishonor
Regard,Ethics,Negative,evil
Regard,Ethics,Negative,immorality
Regard,Ethics,Negative,indecency
Regard,Ethics,Negative,contempt
Regard,Ethics,Negative,degradation
Regard,Ethics,Negative,disrespect
Regard,Ethics,Negative,humiliation
Regard,Ethics,Negative,ignominy
Regard,Ethics,Negative,opprobrium
Regard,Ethics,Negative,reproach
Regard,Ethics,Negative,scorn
Regard,Ethics,Negative,stigma
Regard,Ethics,Negative,abasement
Regard,Ethics,Negative,abuse
Regard,Ethics,Negative,baseness
Regard,Ethics,Negative,blemish
Regard,Ethics,Negative,blur
Regard,Ethics,Negative,brand
Regard,Ethics,Negative,comedown
Regard,Ethics,Negative,contumely
Regard,Ethics,Negative,culpability
Regard,Ethics,Negative,debasement
Regard,Ethics,Negative,debasing
Regard,Ethics,Negative,defamation
Regard,Ethics,Negative,derision
Regard,Ethics,Negative,disbarment
Regard,Ethics,Negative,discredit
Regard,Ethics,Negative,disesteem
Regard,Ethics,Negative,disfavor
Regard,Ethics,Negative,disrepute
Regard,Ethics,Negative,humbling
Regard,Ethics,Negative,infamy
Regard,Ethics,Negative,meanness
Regard,Ethics,Negative,obloquy
Regard,Ethics,Negative,odium
Regard,Ethics,Negative,pollution
Regard,Ethics,Negative,prostitution
Regard,Ethics,Negative,put-down
Regard,Ethics,Negative,scandal
Regard,Ethics,Negative,slander
Regard,Ethics,Negative,slight
Regard,Ethics,Negative,slur
Regard,Ethics,Negative,spot
Regard,Ethics,Negative,stain
Regard,Ethics,Negative,taint
Regard,Ethics,Negative,tarnish
Regard,Ethics,Negative,turpitude
Regard,Ethics,Negative,venality
Regard,Ethics,Negative,black eye
Regard,Ethics,Negative,ill repute
Regard,Ethics,Negative,ingloriousness
Regard,Ethics,Negative,belittle
Regard,Ethics,Negative,debase
Regard,Ethics,Negative,degrade
Regard,Ethics,Negative,demean
Regard,Ethics,Negative,diminish
Regard,Ethics,Negative,humble
Regard,Ethics,Negative,humiliate
Regard,Ethics,Negative,lower
Regard,Ethics,Negative,mortify
Regard,Ethics,Negative,reduce
Regard,Ethics,Negative,shame
Regard,Ethics,Negative,beauty spot
Regard,Ethics,Negative,birthmark
Regard,Ethics,Negative,blackhead
Regard,Ethics,Negative,blister
Regard,Ethics,Negative,bloom
Regard,Ethics,Negative,blot
Regard,Ethics,Negative,blot on the landscape
Regard,Ethics,Negative,blotch
Regard,Ethics,Negative,bruise
Regard,Ethics,Negative,bug
Regard,Ethics,Negative,catch
Regard,Ethics,Negative,chip
Regard,Ethics,Negative,cicatrix
Regard,Ethics,Negative,defacement
Regard,Ethics,Negative,defect
Regard,Ethics,Negative,deformity
Regard,Ethics,Negative,dent
Regard,Ethics,Negative,discoloration
Regard,Ethics,Negative,disfigurement
Regard,Ethics,Negative,eyesore
Regard,Ethics,Negative,fault
Regard,Ethics,Negative,freckle
Regard,Ethics,Negative,hickey
Regard,Ethics,Negative,imperfection
Regard,Ethics,Negative,impurity
Regard,Ethics,Negative,lentigo
Regard,Ethics,Negative,lump
Regard,Ethics,Negative,macula
Regard,Ethics,Negative,maculation
Regard,Ethics,Negative,mark
Regard,Ethics,Negative,mole
Regard,Ethics,Negative,nevus
Regard,Ethics,Negative,nodule
Regard,Ethics,Negative,patch
Regard,Ethics,Negative,pimple
Regard,Ethics,Negative,pock
Regard,Ethics,Negative,pockmark
Regard,Ethics,Negative,scar
Regard,Ethics,Negative,second
Regard,Ethics,Negative,sight
Regard,Ethics,Negative,smudge
Regard,Ethics,Negative,snag
Regard,Ethics,Negative,speck
Regard,Ethics,Negative,speckle
Regard,Ethics,Negative,vice
Regard,Ethics,Negative,wart
Regard,Ethics,Negative,whitehead
Regard,Ethics,Negative,zit
Regard,Ethics,Negative,onus
Regard,Ethics,Negative,smear
Regard,Ethics,Negative,bar sinister
Regard,Ethics,Negative,mark of Cain
Regard,Ethics,Negative,smirch
Regard,Ethics,Negative,abase
Regard,Ethics,Negative,adulterate
Regard,Ethics,Negative,animalize
Regard,Ethics,Negative,bastardize
Regard,Ethics,Negative,blight
Regard,Ethics,Negative,bribe
Regard,Ethics,Negative,contaminate
Regard,Ethics,Negative,damage
Regard,Ethics,Negative,debauch
Regard,Ethics,Negative,decay
Regard,Ethics,Negative,decompose
Regard,Ethics,Negative,deface
Regard,Ethics,Negative,defile
Regard,Ethics,Negative,deform
Regard,Ethics,Negative,demoralize
Regard,Ethics,Negative,deprave
Regard,Ethics,Negative,depreciate
Regard,Ethics,Negative,despoil
Regard,Ethics,Negative,disfigure
Regard,Ethics,Negative,fix
Regard,Ethics,Negative,grease palm
Regard,Ethics,Negative,harm
Regard,Ethics,Negative,hurt
Regard,Ethics,Negative,ill-treat
Regard,Ethics,Negative,impair
Regard,Ethics,Negative,infect
Regard,Ethics,Negative,injure
Regard,Ethics,Negative,lure
Regard,Ethics,Negative,maltreat
Regard,Ethics,Negative,mar
Regard,Ethics,Negative,mistreat
Regard,Ethics,Negative,misuse
Regard,Ethics,Negative,outrage
Regard,Ethics,Negative,pull down
Regard,Ethics,Negative,putrefy
Regard,Ethics,Negative,ravage
Regard,Ethics,Negative,rot
Regard,Ethics,Negative,ruin
Regard,Ethics,Negative,spoil
Regard,Ethics,Negative,square
Regard,Ethics,Negative,suborn
Regard,Ethics,Negative,subvert
Regard,Ethics,Negative,undermine
Regard,Ethics,Negative,violate
Regard,Ethics,Negative,vitiate
Regard,Ethics,Negative,warp
Regard,Ethics,Negative,waste
Regard,Ethics,Negative,bemean
Regard,Ethics,Negative,cast down
Regard,Ethics,Negative,cheapen
Regard,Ethics,Negative,corrupt
Regard,Ethics,Negative,cripple
Regard,Ethics,Negative,debilitate
Regard,Ethics,Negative,devaluate
Regard,Ethics,Negative,devalue
Regard,Ethics,Negative,disable
Regard,Ethics,Negative,drag down
Regard,Ethics,Negative,dump on
Regard,Ethics,Negative,enfeeble
Regard,Ethics,Negative,fluff off
Regard,Ethics,Negative,put away
Regard,Ethics,Negative,put down
Regard,Ethics,Negative,sap
Regard,Ethics,Negative,shoot down
Regard,Ethics,Negative,sink
Regard,Ethics,Negative,take down
Regard,Ethics,Negative,take down a peg
Regard,Ethics,Negative,weaken
Regard,Ethics,Negative,asperse
Regard,Ethics,Negative,bad-mouth
Regard,Ethics,Negative,belie
Regard,Ethics,Negative,besmirch
Regard,Ethics,Negative,blacken
Regard,Ethics,Negative,calumniate
Regard,Ethics,Negative,cast aspersions on
Regard,Ethics,Negative,cast slur on
Regard,Ethics,Negative,denigrate
Regard,Ethics,Negative,detract
Regard,Ethics,Negative,disparage
Regard,Ethics,Negative,do a number on
Regard,Ethics,Negative,knock
Regard,Ethics,Negative,malign
Regard,Ethics,Negative,pan
Regard,Ethics,Negative,put zingers on
Regard,Ethics,Negative,roast
Regard,Ethics,Negative,scandalize
Regard,Ethics,Negative,scorch
Regard,Ethics,Negative,slam
Regard,Ethics,Negative,speak evil of
Regard,Ethics,Negative,stigmatize
Regard,Ethics,Negative,throw mud at
Regard,Ethics,Negative,traduce
Regard,Ethics,Negative,vilify
Regard,Ethics,Negative,villainize
Regard,Ethics,Negative,vituperate
Regard,Ethics,Negative,decadence
Regard,Ethics,Negative,decline
Regard,Ethics,Negative,degeneracy
Regard,Ethics,Negative,degeneration
Regard,Ethics,Negative,demotion
Regard,Ethics,Negative,derogation
Regard,Ethics,Negative,deterioration
Regard,Ethics,Negative,downgrading
Regard,Ethics,Negative,mortification
Regard,Ethics,Negative,perversion
Regard,Ethics,Negative,reduction
Regard,Ethics,Negative,attack
Regard,Ethics,Negative,censure
Regard,Ethics,Negative,clamor against
Regard,Ethics,Negative,condemn
Regard,Ethics,Negative,contemn
Regard,Ethics,Negative,decry
Regard,Ethics,Negative,defame
Regard,Ethics,Negative,denounce
Regard,Ethics,Negative,deprecate
Regard,Ethics,Negative,deride
Regard,Ethics,Negative,derogate
Regard,Ethics,Negative,discount
Regard,Ethics,Negative,discountenance
Regard,Ethics,Negative,dispraise
Regard,Ethics,Negative,find fault with
Regard,Ethics,Negative,look down on
Regard,Ethics,Negative,minimize
Regard,Ethics,Negative,rap
Regard,Ethics,Negative,revile
Regard,Ethics,Negative,run down
Regard,Ethics,Negative,scoff at
Regard,Ethics,Negative,sneer at
Regard,Ethics,Negative,spurn
Regard,Ethics,Negative,underestimate
Regard,Ethics,Negative,underrate
Regard,Ethics,Negative,undervalue
Regard,Relevance,Positive,applicability
Regard,Relevance,Positive,importance
Regard,Relevance,Positive,purpose
Regard,Relevance,Positive,application
Regard,Relevance,Positive,appositeness
Regard,Relevance,Positive,bearing
Regard,Relevance,Positive,congruity
Regard,Relevance,Positive,germaneness
Regard,Relevance,Positive,materiality
Regard,Relevance,Positive,pertinency
Regard,Relevance,Positive,relevancy
Regard,Relevance,Positive,concernment
Regard,Relevance,Positive,concern
Regard,Relevance,Positive,connection
Regard,Relevance,Positive,conviction
Regard,Relevance,Positive,convincingness
Regard,Relevance,Positive,force
Regard,Relevance,Positive,forcefulness
Regard,Relevance,Positive,pertinence
Regard,Relevance,Positive,point
Regard,Relevance,Positive,potency
Regard,Relevance,Positive,power
Regard,Relevance,Positive,punch
Regard,Relevance,Positive,relevance
Regard,Relevance,Positive,strength
Regard,Relevance,Positive,validity
Regard,Relevance,Positive,validness
Regard,Relevance,Positive,affinity
Regard,Relevance,Positive,association
Regard,Relevance,Positive,bond
Regard,Relevance,Positive,commerce
Regard,Relevance,Positive,communication
Regard,Relevance,Positive,correlation
Regard,Relevance,Positive,correspondence
Regard,Relevance,Positive,intercourse
Regard,Relevance,Positive,interrelation
Regard,Relevance,Positive,kinship
Regard,Relevance,Positive,link
Regard,Relevance,Positive,marriage
Regard,Relevance,Positive,nexus
Regard,Relevance,Positive,partnership
Regard,Relevance,Positive,reciprocity
Regard,Relevance,Positive,relation
Regard,Relevance,Positive,relationship
Regard,Relevance,Positive,tie-in
Regard,Relevance,Positive,togetherness
Regard,Relevance,Positive,accent
Regard,Relevance,Positive,attention
Regard,Relevance,Positive,caliber
Regard,Relevance,Positive,consequence
Regard,Relevance,Positive,denotation
Regard,Relevance,Positive,distinction
Regard,Relevance,Positive,drift
Regard,Relevance,Positive,effect
Regard,Relevance,Positive,emphasis
Regard,Relevance,Positive,gist
Regard,Relevance,Positive,gravity
Regard,Relevance,Positive,import
Regard,Relevance,Positive,influence
Regard,Relevance,Positive,interest
Regard,Relevance,Positive,moment
Regard,Relevance,Positive,momentousness
Regard,Relevance,Positive,notability
Regard,Relevance,Positive,paramountcy
Regard,Relevance,Positive,precedence
Regard,Relevance,Positive,preponderance
Regard,Relevance,Positive,preponderancy
Regard,Relevance,Positive,priority
Regard,Relevance,Positive,purport
Regard,Relevance,Positive,sense
Regard,Relevance,Positive,seriousness
Regard,Relevance,Positive,signification
Regard,Relevance,Positive,standing
Regard,Relevance,Positive,stress
Regard,Relevance,Positive,substance
Regard,Relevance,Positive,tenor
Regard,Relevance,Positive,usefulness
Regard,Relevance,Positive,value
Regard,Relevance,Positive,weightiness
Regard,Relevance,Positive,absorption
Regard,Relevance,Positive,activity
Regard,Relevance,Positive,affection
Regard,Relevance,Positive,attentiveness
Regard,Relevance,Positive,care
Regard,Relevance,Positive,case
Regard,Relevance,Positive,diversion
Regard,Relevance,Positive,engrossment
Regard,Relevance,Positive,enthusiasm
Regard,Relevance,Positive,excitement
Regard,Relevance,Positive,game
Regard,Relevance,Positive,hobby
Regard,Relevance,Positive,interestedness
Regard,Relevance,Positive,into
Regard,Relevance,Positive,leisure activity
Regard,Relevance,Positive,matter
Regard,Relevance,Positive,note
Regard,Relevance,Positive,notice
Regard,Relevance,Positive,passion
Regard,Relevance,Positive,pastime
Regard,Relevance,Positive,preoccupation
Regard,Relevance,Positive,pursuit
Regard,Relevance,Positive,racket
Regard,Relevance,Positive,recreation
Regard,Relevance,Positive,regard
Regard,Relevance,Positive,relaxation
Regard,Relevance,Positive,significance
Regard,Relevance,Positive,sport
Regard,Relevance,Positive,suspicion
Regard,Relevance,Positive,sympathy
Regard,Relevance,Positive,accord
Regard,Relevance,Positive,affair
Regard,Relevance,Positive,affiliation
Regard,Relevance,Positive,alliance
Regard,Relevance,Positive,analogy
Regard,Relevance,Positive,conjunction
Regard,Relevance,Positive,consanguinity
Regard,Relevance,Positive,consociation
Regard,Relevance,Positive,contact
Regard,Relevance,Positive,contingency
Regard,Relevance,Positive,dependence
Regard,Relevance,Positive,dependency
Regard,Relevance,Positive,exchange
Regard,Relevance,Positive,homogeneity
Regard,Relevance,Positive,hookup
Regard,Relevance,Positive,interconnection
Regard,Relevance,Positive,interrelationship
Regard,Relevance,Positive,liaison
Regard,Relevance,Positive,likeness
Regard,Relevance,Positive,nearness
Regard,Relevance,Positive,network
Regard,Relevance,Positive,parallel
Regard,Relevance,Positive,proportion
Regard,Relevance,Positive,rapport
Regard,Relevance,Positive,ratio
Regard,Relevance,Positive,relativity
Regard,Relevance,Positive,similarity
Regard,Relevance,Positive,tie
Regard,Relevance,Positive,tie-up
Regard,Relevance,Positive,authority
Regard,Relevance,Positive,consideration
Regard,Relevance,Positive,credit
Regard,Relevance,Positive,excellence
Regard,Relevance,Positive,impressiveness
Regard,Relevance,Positive,magnitude
Regard,Relevance,Positive,merit
Regard,Relevance,Positive,perfection
Regard,Relevance,Positive,pith
Regard,Relevance,Positive,prestige
Regard,Relevance,Positive,virtue
Regard,Relevance,Positive,weight
Regard,Relevance,Positive,account
Regard,Relevance,Positive,adoption
Regard,Relevance,Positive,advantage
Regard,Relevance,Positive,appliance
Regard,Relevance,Positive,appropriateness
Regard,Relevance,Positive,avail
Regard,Relevance,Positive,benefit
Regard,Relevance,Positive,call
Regard,Relevance,Positive,capitalization
Regard,Relevance,Positive,cause
Regard,Relevance,Positive,convenience
Regard,Relevance,Positive,custom
Regard,Relevance,Positive,end
Regard,Relevance,Positive,exercise
Regard,Relevance,Positive,exercising
Regard,Relevance,Positive,exertion
Regard,Relevance,Positive,fitness
Regard,Relevance,Positive,good
Regard,Relevance,Positive,habit
Regard,Relevance,Positive,handling
Regard,Relevance,Positive,help
Regard,Relevance,Positive,helpfulness
Regard,Relevance,Positive,mileage
Regard,Relevance,Positive,mobilization
Regard,Relevance,Positive,necessity
Regard,Relevance,Positive,need
Regard,Relevance,Positive,object
Regard,Relevance,Positive,occasion
Regard,Relevance,Positive,operation
Regard,Relevance,Positive,practice
Regard,Relevance,Positive,profit
Regard,Relevance,Positive,reason
Regard,Relevance,Positive,service
Regard,Relevance,Positive,serviceability
Regard,Relevance,Positive,treatment
Regard,Relevance,Positive,usability
Regard,Relevance,Positive,usage
Regard,Relevance,Positive,utility
Regard,Relevance,Positive,way
Regard,Relevance,Positive,wear and tear
Regard,Relevance,Positive,wont
Regard,Relevance,Positive,worth
Regard,Relevance,Positive,adequacy
Regard,Relevance,Positive,advantageousness
Regard,Relevance,Positive,efficacy
Regard,Relevance,Positive,efficiency
Regard,Relevance,Positive,expediency
Regard,Relevance,Positive,favor
Regard,Relevance,Positive,function
Regard,Relevance,Positive,practicality
Regard,Relevance,Positive,productiveness
Regard,Relevance,Positive,use
Regard,Relevance,Positive,significancy
Regard,Relevance,Negative,improper
Regard,Relevance,Negative,inapplicable
Regard,Relevance,Negative,inappropriate
Regard,Relevance,Negative,incompatible
Regard,Relevance,Negative,insignificant
Regard,Relevance,Negative,irrelevant
Regard,Relevance,Negative,trivial
Regard,Relevance,Negative,unacceptable
Regard,Relevance,Negative,unfitting
Regard,Relevance,Negative,unimportant
Regard,Relevance,Negative,unrelated
Regard,Relevance,Negative,unsuitable
Regard,Relevance,Negative,extraneous
Regard,Relevance,Negative,immaterial
Regard,Relevance,Negative,inconsequential
Regard,Relevance,Negative,pointless
Regard,Relevance,Negative,unnecessary
Regard,Relevance,Negative,foreign
Regard,Relevance,Negative,garbage
Regard,Relevance,Negative,impertinent
Regard,Relevance,Negative,inapposite
Regard,Relevance,Negative,inappurtenant
Regard,Relevance,Negative,inapropos
Regard,Relevance,Negative,inapt
Regard,Relevance,Negative,inconsequent
Regard,Relevance,Negative,not connected with
Regard,Relevance,Negative,not germane
Regard,Relevance,Negative,not pertaining to
Regard,Relevance,Negative,off the point
Regard,Relevance,Negative,off the topic
Regard,Relevance,Negative,out of order
Regard,Relevance,Negative,out of place
Regard,Relevance,Negative,outside
Regard,Relevance,Negative,remote
Regard,Relevance,Negative,unapt
Regard,Relevance,Negative,unconnected
Regard,Relevance,Negative,without reference
Regard,Relevance,Negative,beside the question
Regard,Relevance,Negative,incidental
Regard,Relevance,Negative,nihil ad rem
Regard,Relevance,Negative,not at issue
Regard,Relevance,Negative,not important
Regard,Relevance,Negative,not to the purpose
Regard,Relevance,Negative,off the subject
Regard,Relevance,Negative,wide of the mark
Regard,Relevance,Negative,wide of the point
Regard,Relevance,Negative,abortive
Regard,Relevance,Negative,bootless
Regard,Relevance,Negative,empty
Regard,Relevance,Negative,frivolous
Regard,Relevance,Negative,fruitless
Regard,Relevance,Negative,futile
Regard,Relevance,Negative,groundless
Regard,Relevance,Negative,hollow
Regard,Relevance,Negative,not serious
Regard,Relevance,Negative,nugatory
Regard,Relevance,Negative,of no avail
Regard,Relevance,Negative,otiose
Regard,Relevance,Negative,rambling
Regard,Relevance,Negative,superficial
Regard,Relevance,Negative,unavailing
Regard,Relevance,Negative,unhelpful
Regard,Relevance,Negative,unproductive
Regard,Relevance,Negative,unsuccessful
Regard,Relevance,Negative,useless
Regard,Relevance,Negative,vain
Regard,Relevance,Negative,absurd
Regard,Relevance,Negative,casuistic
Regard,Relevance,Negative,cockeyed
Regard,Relevance,Negative,fallacious
Regard,Relevance,Negative,fatuous
Regard,Relevance,Negative,faulty
Regard,Relevance,Negative,implausible
Regard,Relevance,Negative,inconclusive
Regard,Relevance,Negative,incongruous
Regard,Relevance,Negative,inconsistent
Regard,Relevance,Negative,incorrect
Regard,Relevance,Negative,invalid
Regard,Relevance,Negative,irrational
Regard,Relevance,Negative,mad
Regard,Relevance,Negative,meaningless
Regard,Relevance,Negative,not following
Regard,Relevance,Negative,nutty
Regard,Relevance,Negative,off the wall
Regard,Relevance,Negative,preposterous
Regard,Relevance,Negative,screwy
Regard,Relevance,Negative,self-contradictory
Regard,Relevance,Negative,senseless
Regard,Relevance,Negative,sophistic
Regard,Relevance,Negative,sophistical
Regard,Relevance,Negative,specious
Regard,Relevance,Negative,spurious
Regard,Relevance,Negative,unproved
Regard,Relevance,Negative,unreasonable
Regard,Relevance,Negative,unscientific
Regard,Relevance,Negative,unsound
Regard,Relevance,Negative,unsubstantial
Regard,Relevance,Negative,untenable
Regard,Relevance,Negative,wacky
Regard,Relevance,Negative,without basis
Regard,Relevance,Negative,without foundation
Regard,Relevance,Negative,FALSE
Regard,Relevance,Negative,bad form
Regard,Relevance,Negative,ill-fitted
Regard,Relevance,Negative,ill-matched
Regard,Relevance,Negative,ill-timed
Regard,Relevance,Negative,malapropos
Regard,Relevance,Negative,mismatched
Regard,Relevance,Negative,out of character
Regard,Relevance,Negative,out of its element
Regard,Relevance,Negative,unbecoming
Regard,Relevance,Negative,unfit
Regard,Relevance,Negative,unseemly
Regard,Relevance,Negative,wrong
Regard,Relevance,Negative,ill-favored
Regard,Relevance,Negative,incompetent
Regard,Relevance,Negative,inept
Regard,Relevance,Negative,objectionable
Regard,Relevance,Negative,unallowable
Regard,Relevance,Negative,undesirable
Regard,Relevance,Negative,unqualified
Regard,Relevance,Negative,unsatisfactory
Regard,Relevance,Negative,unsuited
Regard,Relevance,Negative,unwanted
Regard,Relevance,Negative,unwelcome
Regard,Relevance,Negative,irrelative
Regard,Relevance,Negative,disproportionate
Regard,Relevance,Negative,foot-in-mouth
Regard,Relevance,Negative,ill-suited
Regard,Relevance,Negative,inconsonant
Regard,Relevance,Negative,indecorous
Regard,Relevance,Negative,left-field
Regard,Relevance,Negative,off
Regard,Relevance,Negative,out of line
Regard,Relevance,Negative,tasteless
Regard,Relevance,Negative,unbefitting
Regard,Relevance,Negative,undue
Regard,Relevance,Negative,unmeet
Regard,Relevance,Negative,unseasonable
Regard,Relevance,Negative,untimely
Regard,Relevance,Negative,way off
Regard,Relevance,Negative,wrong-number
Regard,Relevance,Negative,casual
Regard,Relevance,Negative,inappreciable
Regard,Relevance,Negative,inconsiderable
Regard,Relevance,Negative,infinitesimal
Regard,Relevance,Negative,lesser
Regard,Relevance,Negative,light
Regard,Relevance,Negative,lightweight
Regard,Relevance,Negative,little
Regard,Relevance,Negative,meager
Regard,Relevance,Negative,minim
Regard,Relevance,Negative,minimal
Regard,Relevance,Negative,minor
Regard,Relevance,Negative,minuscule
Regard,Relevance,Negative,minute
Regard,Relevance,Negative,negligible
Regard,Relevance,Negative,nondescript
Regard,Relevance,Negative,nonessential
Regard,Relevance,Negative,not worth mentioning
Regard,Relevance,Negative,paltry
Regard,Relevance,Negative,petty
Regard,Relevance,Negative,purportless
Regard,Relevance,Negative,scanty
Regard,Relevance,Negative,secondary
Regard,Relevance,Negative,small
Regard,Relevance,Negative,trifling
Regard,Relevance,Negative,abstruse
Regard,Relevance,Negative,arcane
Regard,Relevance,Negative,blind
Regard,Relevance,Negative,cabalistic
Regard,Relevance,Negative,close
Regard,Relevance,Negative,covered
Regard,Relevance,Negative,cryptic
Regard,Relevance,Negative,dark
Regard,Relevance,Negative,deep
Regard,Relevance,Negative,devious
Regard,Relevance,Negative,distant
Regard,Relevance,Negative,enigmatic
Regard,Relevance,Negative,esoteric
Regard,Relevance,Negative,far
Regard,Relevance,Negative,far-off
Regard,Relevance,Negative,hidden
Regard,Relevance,Negative,humble
Regard,Relevance,Negative,inaccessible
Regard,Relevance,Negative,inconspicuous
Regard,Relevance,Negative,inglorious
Regard,Relevance,Negative,invisible
Regard,Relevance,Negative,lonesome
Regard,Relevance,Negative,lowly
Regard,Relevance,Negative,mysterious
Regard,Relevance,Negative,nameless
Regard,Relevance,Negative,odd
Regard,Relevance,Negative,oracular
Regard,Relevance,Negative,orphic
Regard,Relevance,Negative,rare
Regard,Relevance,Negative,recondite
Regard,Relevance,Negative,removed
Regard,Relevance,Negative,reticent
Regard,Relevance,Negative,retired
Regard,Relevance,Negative,secluded
Regard,Relevance,Negative,secret
Regard,Relevance,Negative,secretive
Regard,Relevance,Negative,seldom seen
Regard,Relevance,Negative,sequestered
Regard,Relevance,Negative,solitary
Regard,Relevance,Negative,undisclosed
Regard,Relevance,Negative,undistinguished
Regard,Relevance,Negative,unheard-of
Regard,Relevance,Negative,unhonored
Regard,Relevance,Negative,unknown
Regard,Relevance,Negative,unnoted
Regard,Relevance,Negative,unseen
Regard,Relevance,Negative,unsung
Regard,Relevance,Negative,beside the point
Regard,Relevance,Negative,borderline
Regard,Relevance,Negative,exterior
Regard,Relevance,Negative,external
Regard,Relevance,Negative,inessential
Regard,Relevance,Negative,outer
Regard,Relevance,Negative,outermost
Regard,Relevance,Negative,perimetric
Regard,Relevance,Negative,surface
Regard,Relevance,Negative,tangential
Regard,Relevance,Negative,baseless
Regard,Relevance,Negative,very casual
Regard,Relevance,Negative,cheap
Regard,Relevance,Negative,contemptible
Regard,Relevance,Negative,inferior
Regard,Relevance,Negative,junior
Regard,Relevance,Negative,lower
Regard,Relevance,Negative,measly
Regard,Relevance,Negative,narrow-minded
Regard,Relevance,Negative,nickel-and-dime
Regard,Relevance,Negative,niggling
Regard,Relevance,Negative,peanut
Regard,Relevance,Negative,penny-ante
Regard,Relevance,Negative,pettifogging
Regard,Relevance,Negative,picayune
Regard,Relevance,Negative,piddling
Regard,Relevance,Negative,scratch
Regard,Relevance,Negative,shabby
Regard,Relevance,Negative,shallow
Regard,Relevance,Negative,shoestring
Regard,Relevance,Negative,slight
Regard,Relevance,Negative,small-minded
Regard,Relevance,Negative,subordinate
Regard,Relevance,Negative,two-bit
Regard,Relevance,Negative,aimless
Regard,Relevance,Negative,around in circles
Regard,Relevance,Negative,going nowhere
Regard,Relevance,Negative,impotent
Regard,Relevance,Negative,in vicious circle
Regard,Relevance,Negative,inane
Regard,Relevance,Negative,ineffective
Regard,Relevance,Negative,ineffectual
Regard,Relevance,Negative,needle in haystack
Regard,Relevance,Negative,nongermane
Regard,Relevance,Negative,nonsensical
Regard,Relevance,Negative,not pertinent
Regard,Relevance,Negative,on treadmill
Regard,Relevance,Negative,powerless
Regard,Relevance,Negative,silly
Regard,Relevance,Negative,stupid
Regard,Relevance,Negative,uninteresting
Regard,Relevance,Negative,unprofitable
Regard,Relevance,Negative,vague
Regard,Relevance,Negative,worthless
Regard,Relevance,Negative,alien
Regard,Relevance,Negative,apart
Regard,Relevance,Negative,awkward
Regard,Relevance,Negative,detached
Regard,Relevance,Negative,faraway
Regard,Relevance,Negative,isolated
Regard,Relevance,Negative,lost
Regard,Relevance,Negative,new
Regard,Relevance,Negative,novel
Regard,Relevance,Negative,romanesque
Regard,Relevance,Negative,unexplored
Regard,Relevance,Negative,unfamiliar
Regard,Relevance,Negative,untried
Regard,Relevance,Negative,brainless
Regard,Relevance,Negative,dazed
Regard,Relevance,Negative,deficient
Regard,Relevance,Negative,dense
Regard,Relevance,Negative,dim
Regard,Relevance,Negative,doltish
Regard,Relevance,Negative,dopey
Regard,Relevance,Negative,dull
Regard,Relevance,Negative,dumb
Regard,Relevance,Negative,dummy
Regard,Relevance,Negative,foolish
Regard,Relevance,Negative,gullible
Regard,Relevance,Negative,half-baked
Regard,Relevance,Negative,half-witted
Regard,Relevance,Negative,idiotic
Regard,Relevance,Negative,ill-advised
Regard,Relevance,Negative,imbecilic
Regard,Relevance,Negative,indiscreet
Regard,Relevance,Negative,insensate
Regard,Relevance,Negative,laughable
Regard,Relevance,Negative,loser
Regard,Relevance,Negative,ludicrous
Regard,Relevance,Negative,mindless
Regard,Relevance,Negative,moronic
Regard,Relevance,Negative,naive
Regard,Relevance,Negative,obtuse
Regard,Relevance,Negative,out to lunch
Regard,Relevance,Negative,puerile
Regard,Relevance,Negative,rash
Regard,Relevance,Negative,shortsighted
Regard,Relevance,Negative,simple
Regard,Relevance,Negative,simpleminded
Regard,Relevance,Negative,slow
Regard,Relevance,Negative,sluggish
Regard,Relevance,Negative,stolid
Regard,Relevance,Negative,stupefied
Regard,Relevance,Negative,thick
Regard,Relevance,Negative,thick-headed
Regard,Relevance,Negative,unintelligent
Regard,Relevance,Negative,unthinking
Regard,Relevance,Negative,witless
